frames,avg_detections,min_detections,max_detections,zero_detection_ratio,avg_conf,conf_p10,conf_p50,conf_p90,avg_box_area_ratio,small_box_ratio,medium_box_ratio,large_box_ratio,avg_latency_ms,p50_latency_ms,p95_latency_ms,p99_latency_ms,avg_pipeline_fps,peak_gpu_memory_mb
6030,118.5575456053068,32.0,198.0,0.0,0.18280635801265152,0.056933533400297165,0.1135258823633194,0.43277421593666077,0.0011893917149106794,0.9999874108619083,1.258913809165452e-05,0.0,4109.785324028673,4077.328125,6599.95751953125,7714.64208984375,0.3282570862515953,990.17724609375
