frames,avg_detections,min_detections,max_detections,zero_detection_ratio,avg_conf,conf_p10,conf_p50,conf_p90,avg_box_area_ratio,small_box_ratio,medium_box_ratio,large_box_ratio,avg_latency_ms,p50_latency_ms,p95_latency_ms,p99_latency_ms,avg_pipeline_fps,peak_gpu_memory_mb
908,87.27533039647577,32.0,131.0,0.0,0.23640578983075317,0.060628410428762436,0.1483408808708191,0.580687940120697,0.0008861010975416734,1.0,0.0,0.0,2821.9924156886364,2836.92919921875,5044.96142578125,5719.36083984375,0.6301159248535463,716.02099609375
